[
  {
    "Id": "902963",
    "ThreadId": "392785",
    "Html": "\r\n<p>I use MySql5.5, the .net connector is 6.5.4.</p>\r\n<p></p>\r\n<div style=\"color:black; background-color:white\">\r\n<pre>GetCurrentContext().Sql(<span style=\"color:#a31515\">&quot;update Files set ExecuteFileName = @name, ExecuteFile = @file where ID = @id&quot;</span>)\r\n                .Parameter(<span style=\"color:#a31515\">&quot;name&quot;</span>, entity.ExecuteFileName)\r\n                .Parameter(<span style=\"color:#a31515\">&quot;file&quot;</span>, entity.ExecuteFile, FluentData.DataTypes.Binary, FluentData.ParameterDirection.Input)\r\n                .Parameter(<span style=\"color:#a31515\">&quot;id&quot;</span>, entity.ID)\r\n                .Execute();\r\n</pre>\r\n</div>\r\n<p></p>\r\n<p>This code runs ok in 2.2.2, but when I change to 2.3.0, error happened:</p>\r\n<p><span>MySql.Data.MySqlClient.MySqlException (0x80004005): Parameter '@file' must be defined.&nbsp;</span></p>\r\n",
    "PostedDate": "2012-08-23T04:15:26.567-07:00",
    "UserRole": null,
    "MarkedAsAnswerDate": null
  },
  {
    "Id": "913023",
    "ThreadId": "392785",
    "Html": "<p>Hi, I haven't forgotten about this, however after upgrading to Windows 8 I'm having an issue to get the virtual machine with all the databases (that FluentData support) working as well as the ADO.NET providers. I will notify you when it's fixed.</p>",
    "PostedDate": "2012-09-15T04:20:46.763-07:00",
    "UserRole": null,
    "MarkedAsAnswerDate": null
  },
  {
    "Id": "1069832",
    "ThreadId": "392785",
    "Html": "Dear Erik,\r<br />\n<br />\nHas this been fixed? My latest Nuget version still has this issue.\r<br />\n<br />\nRegards,\r<br />\n<br />\nBinu Pararath<br />\n",
    "PostedDate": "2013-07-17T20:40:37.26-07:00",
    "UserRole": null,
    "MarkedAsAnswerDate": null
  },
  {
    "Id": "1291226",
    "ThreadId": "392785",
    "Html": "Hi,\r<br />\nI'm having the same problem...Is this is going to be fixed?\r<br />\n<br />\nMySql .Net connector 6.8.3.0\r<br />\nWindows 8.1\r<br />\nVisual Studio 2013\r<br />\n<br />\n<br />\nBest regards,\r<br />\nBojan Kostic<br />\n",
    "PostedDate": "2014-08-18T23:11:22.2-07:00",
    "UserRole": null,
    "MarkedAsAnswerDate": null
  }
]