[
  {
    "Id": "1467356",
    "ThreadId": "652702",
    "Html": "I'm using FluentData version 3.0.1.0. I've postgresql version 9.x with Npgsql 3.0.5.0.\r<br />\nI've added that configuration, ProviderFactory to my console application App.config. \r<br />\n<br />\n&lt;system.data&gt;\r<br />\n  &lt;DbProviderFactories&gt;<br />\n<pre><code>&lt;add name=&quot;Npgsql Data Provider&quot;\n     invariant=&quot;Npgsql&quot;\n     support=&quot;FF&quot;\n     description=&quot;.Net Framework Data Provider for Postgresql Server&quot;\n     type=&quot;Npgsql.NpgsqlFactory, Npgsql&quot; /&gt;</code></pre>\n\n&lt;/DbProviderFactories&gt;\r<br />\n&lt;/system.data&gt;\r<br />\n<br />\ntried also,\r<br />\n<br />\n  &lt;system.data&gt;<br />\n<pre><code>&lt;DbProviderFactories&gt;\n  &lt;add name=&quot;Npgsql Data Provider&quot; invariant=&quot;Npgsql&quot; description=&quot;.Net Data Provider for PostgreSQL&quot; type=&quot;Npgsql.NpgsqlFactory, Npgsql, Version=3.0.5.0, Culture=neutral, PublicKeyToken=5d8b90d52f46fda7&quot; support=&quot;FF&quot; /&gt;\n&lt;/DbProviderFactories&gt;</code></pre>\n\n&lt;/system.data&gt;\r<br />\n<br />\nThe connection string format is:\r<br />\n  &lt;connectionStrings&gt;<br />\n<pre><code>&lt;add name=&quot;TargetDb&quot; connectionString=&quot;Server=localhost;Port=5432;User Id=*****;Password=******;Database=ReportTest&quot;/&gt;</code></pre>\n\n&lt;/connectionStrings&gt;\r<br />\n<br />\nTrying to connect PostgreSql how ever I got the following exception.<br />\n<pre><code>Unhandled Exception: System.ArgumentException: Keyword not supported: 'port'.   at System.Data.Common.DbConnectionOptions.ParseInternal(Hashtable parsetable, String connectionString, Boolean buildChain, Hashtable synonyms, Boolean firstKey)\n\n   at System.Data.Common.DbConnectionOptions..ctor(String connectionString, Hashtable synonyms, Boolean useOdbcRules)\n\n   at System.Data.SqlClient.SqlConnectionString..ctor(String connectionString)\n\n   at System.Data.SqlClient.SqlConnectionFactory.CreateConnectionOptions(String connectionString, DbConnectionOptions previous)\n\n   at System.Data.ProviderBase.DbConnectionFactory.GetConnectionPoolGroup(DbConnectionPoolKey key, DbConnectionPoolGroupOptions poolOptions, DbConnectionOptions&amp; userConnectionOptions)\n\n   at System.Data.SqlClient.SqlConnection.ConnectionString_Set(DbConnectionPoolKey key)\n\n   at System.Data.SqlClient.SqlConnection.set_ConnectionString(String value)\n\n   at FluentData.DbContext.get_CreateCommand()\n\n   at FluentData.DbContext.Sql(String sql, Object[] parameters)</code></pre>\n\n",
    "PostedDate": "2016-03-19T06:15:09.233-07:00",
    "UserRole": null,
    "MarkedAsAnswerDate": null
  }
]