[
  {
    "Id": "804490",
    "ThreadId": "347051",
    "Html": "\r\n<p>In the <strong>Basic</strong>&nbsp;features you also mention <em>Great performance</em>&nbsp;but you lack comparison. Whenever one claims great performance it should compare it to something. I suggest you create a performance test project that tests speed\r\n against the following:</p>\r\n<ul>\r\n<li>EF4 </li><li>EF Code First </li><li>Dapper </li><li>PetaPoco </li><li>Massive </li><li>Simple.Data </li><li>BLToolkit - optional </li><li>LINQ to SQL - optional because it's deprecated </li><li>NHibernate </li><li>SubSonic </li><li>etc. </li></ul>\r\n",
    "PostedDate": "2012-03-02T08:36:59.58-08:00",
    "UserRole": null,
    "MarkedAsAnswerDate": null
  },
  {
    "Id": "804686",
    "ThreadId": "347051",
    "Html": "<p>Performance testing, tuning and comparison are on our to-do list. Usually the bottleneck in an application is not the performance of the ORM itself but the poor SQL that is generated by it (abstractions on top of SQL such as LINQ is a bad idea since it creates  horrible SQL for select queries).</p>\n<p>&nbsp;</p>\n<p>Regards,<br />Lars-Erik Kindblad&nbsp;</p>",
    "PostedDate": "2012-03-02T14:57:30.603-08:00",
    "UserRole": null,
    "MarkedAsAnswerDate": null
  }
]