[
  {
    "Id": "860626",
    "ThreadId": "362907",
    "Html": "\r\n<p>Sometimes I want to get the DataTable returned.</p>\r\n<p>Is this possible?</p>\r\n",
    "PostedDate": "2012-07-11T20:00:38.647-07:00",
    "UserRole": null,
    "MarkedAsAnswerDate": null
  },
  {
    "Id": "863206",
    "ThreadId": "362907",
    "Html": "<span style=\"\">Currently there is no support for this. Im currently on vacation for the next 2 weeks but I will add support for it when im back.</span><br>\r\n<blockquote type=\"cite\">\r\n<div></div>\r\n</blockquote>\r\n",
    "PostedDate": "2012-07-12T21:13:50.823-07:00",
    "UserRole": null,
    "MarkedAsAnswerDate": null
  },
  {
    "Id": "896701",
    "ThreadId": "362907",
    "Html": "<p>QueryDataTable has been added. It's available in the latest version of FluentData 2.3:&nbsp;<a href=\"http://fluentdata.codeplex.com/releases/view/92374\">http://fluentdata.codeplex.com/releases/view/92374</a></p>",
    "PostedDate": "2012-08-07T15:47:36.137-07:00",
    "UserRole": null,
    "MarkedAsAnswerDate": null
  }
]