[
  {
    "Id": "913893",
    "ThreadId": "395881",
    "Html": "\r\n<p>fluentdata how to operate the sdf database, give me an example of you, thank you!</p>\r\n",
    "PostedDate": "2012-09-17T19:26:23.773-07:00",
    "UserRole": null,
    "MarkedAsAnswerDate": null
  },
  {
    "Id": "914041",
    "ThreadId": "395881",
    "Html": "<p>We already have a lot of code samples under the Documentation tab that shows how to use FluentData with a database. Those samples should work with SQL Server Compact as well.</p>\r\n<p>&nbsp;</p>\r\n<p>Regards,</p>\r\n<p>Lars-Erik Kindblad</p>",
    "PostedDate": "2012-09-18T04:38:45.943-07:00",
    "UserRole": null,
    "MarkedAsAnswerDate": null
  },
  {
    "Id": "914487",
    "ThreadId": "395881",
    "Html": "<p>&nbsp;</p>\r\n<p>Thank you, I understand！</p>",
    "PostedDate": "2012-09-19T01:44:37.207-07:00",
    "UserRole": null,
    "MarkedAsAnswerDate": null
  }
]