[
  {
    "Id": "924585",
    "ThreadId": "398793",
    "Html": "\r\n<p>Trying to use Fluent Data with a Postgres DB</p>\r\n<p>&nbsp;</p>\r\n<p>Keep getting :&nbsp;</p>\r\n<p>&nbsp;</p>\r\n<p>&quot;Unable to find the requested .Net Framework Data Provider. &nbsp;It may not be installed.&quot;</p>\r\n<p>&nbsp;</p>\r\n<p>Even though I have NPGSql installed.</p>\r\n<p>&nbsp;</p>\r\n<p>Have tested NPGSql using &quot;other ORM's (Simple.Data &amp; ORMLite) both work, and find the installed postgres ADO.Net driver without issue, only fluent data does not?</p>\r\n<p>&nbsp;</p>\r\n<p>Any Ideas?</p>\r\n<p>&nbsp;</p>\r\n<p>Platform: Win7 Ent X64</p>\r\n<p>IDE: VS2010 Ult</p>\r\n<p>Project Type: .NET 4 Full libs , Winforms App</p>\r\n<p>&nbsp;</p>\r\n<p>Test code:</p>\r\n<p>&nbsp;</p>\r\n<div style=\"color:black; background-color:white\">\r\n<pre><span style=\"color:blue\">const</span> <span style=\"color:blue\">string</span> connStr = <span style=\"color:#a31515\">&quot;Server=1.1.1.1;Port=5432;Database=dbname;User Id=user;Password=pass;&quot;</span>;\n\n<span style=\"color:blue\">public</span> IDbContext Context()\n\n{\n\n  <span style=\"color:blue\">return</span> <span style=\"color:blue\">new</span> DbContext().ConnectionString(connStr, DbProviderTypes.PostgreSql);\n\n}\n\nList&lt;<span style=\"color:blue\">dynamic</span>&gt; points = Context().Sql(<span style=\"color:#a31515\">&quot;select * from pointstest&quot;</span>).Query();\n\n\n</pre>\r\n<pre>Project Refs:</pre>\r\n<pre>FluentData - v2.3.0.0 (Runtime - 4.0.30319)</pre>\r\n<pre>NpgSql - v2.0.11.0 (Runtime - 4.0.30319)</pre>\r\n<pre>Plus all the usual winforms stuff...</pre>\r\n<pre><br></pre>\r\n<pre>Cheers</pre>\r\n<pre>Shawty</pre>\r\n<pre><br></pre>\r\n</div>\r\n",
    "PostedDate": "2012-10-10T03:48:29.127-07:00",
    "UserRole": null,
    "MarkedAsAnswerDate": null
  },
  {
    "Id": "930900",
    "ThreadId": "398793",
    "Html": "<p>you have to add the following in your web.config or app.config\r\n<div style=\"color: black; background-color: white;\">\r\n<pre><span style=\"color: blue;\">&lt;</span><span style=\"color: #a31515;\">system.data</span><span style=\"color: blue;\">&gt;</span>\r\n  <span style=\"color: blue;\">&lt;</span><span style=\"color: #a31515;\">DbProviderFactories</span><span style=\"color: blue;\">&gt;</span>\r\n    <span style=\"color: blue;\">&lt;</span><span style=\"color: #a31515;\">add</span> <span style=\"color: red;\">name</span><span style=\"color: blue;\">=</span><span style=\"color: black;\">\"</span><span style=\"color: blue;\">Npgsql Data Provider</span><span style=\"color: black;\">\"</span>\r\n         <span style=\"color: red;\">invariant</span><span style=\"color: blue;\">=</span><span style=\"color: black;\">\"</span><span style=\"color: blue;\">Npgsql</span><span style=\"color: black;\">\"</span>\r\n         <span style=\"color: red;\">support</span><span style=\"color: blue;\">=</span><span style=\"color: black;\">\"</span><span style=\"color: blue;\">FF</span><span style=\"color: black;\">\"</span>\r\n         <span style=\"color: red;\">description</span><span style=\"color: blue;\">=</span><span style=\"color: black;\">\"</span><span style=\"color: blue;\">.Net Framework Data Provider for Postgresql Server</span><span style=\"color: black;\">\"</span>\r\n         <span style=\"color: red;\">type</span><span style=\"color: blue;\">=</span><span style=\"color: black;\">\"</span><span style=\"color: blue;\">Npgsql.NpgsqlFactory, Npgsql</span><span style=\"color: black;\">\"</span> <span style=\"color: blue;\">/&gt;</span>\r\n  <span style=\"color: blue;\">&lt;/</span><span style=\"color: #a31515;\">DbProviderFactories</span><span style=\"color: blue;\">&gt;</span>\r\n<span style=\"color: blue;\">&lt;/</span><span style=\"color: #a31515;\">system.data</span><span style=\"color: blue;\">&gt;</span>\r\n</pre>\r\n</div>\r\n</p>",
    "PostedDate": "2012-10-23T01:44:46.16-07:00",
    "UserRole": null,
    "MarkedAsAnswerDate": null
  }
]