[
  {
    "Id": "827894",
    "ThreadId": "353376",
    "Html": "\r\n<p>Hi sponsor,</p>\r\n<p>I'm interested in this project. I want to join you. How about it?</p>\r\n",
    "PostedDate": "2012-04-24T07:53:37.323-07:00",
    "UserRole": null,
    "MarkedAsAnswerDate": null
  },
  {
    "Id": "828248",
    "ThreadId": "353376",
    "Html": "<p>Send me an e-mail through the contact page on my codeplex profile with some info about your experience and what you want to contribute with.</p>",
    "PostedDate": "2012-04-25T01:04:45.747-07:00",
    "UserRole": null,
    "MarkedAsAnswerDate": null
  }
]