[
  {
    "Id": "1436072",
    "ThreadId": "641975",
    "Html": "Hi,\r<br />\n<br />\nthere's support for lazy load and changeset,\r<br />\nor there is a plan to support these features in the v4 ?\r<br />\n<br />\nI wrote a simple extension about loading reference, just for a test\r<br />\n<a href=\"http://development-annotations.blogspot.it/2015/07/fluentdata-load-references.html\" rel=\"nofollow\">FluentData load references</a><br />\n",
    "PostedDate": "2015-07-27T01:34:03.78-07:00",
    "UserRole": null,
    "MarkedAsAnswerDate": null
  }
]