[
  {
    "Id": "347047",
    "Title": "NuGet package",
    "LatestDate": "2012-03-02T13:18:03.75-08:00"
  },
  {
    "Id": "347048",
    "Title": "Compile mappings",
    "LatestDate": "2012-03-02T14:42:25.217-08:00"
  },
  {
    "Id": "347051",
    "Title": "Performance comparison",
    "LatestDate": "2012-03-02T14:57:30.603-08:00"
  },
  {
    "Id": "350630",
    "Title": "Stored Procedure ReturnValue (Oracle)",
    "LatestDate": "2012-04-26T05:46:04.02-07:00"
  },
  {
    "Id": "351453",
    "Title": "is it possible to support the MS Access?",
    "LatestDate": "2012-04-17T08:21:36.053-07:00"
  },
  {
    "Id": "352793",
    "Title": "could not map single column?",
    "LatestDate": "2012-04-19T01:12:35.903-07:00"
  },
  {
    "Id": "353116",
    "Title": "can I use only one instance of IDbContext in the whole app?",
    "LatestDate": "2012-04-22T05:13:31.56-07:00"
  },
  {
    "Id": "353376",
    "Title": "How to join the dev team?",
    "LatestDate": "2012-04-25T01:04:45.747-07:00"
  },
  {
    "Id": "353795",
    "Title": "Enum is not supported?",
    "LatestDate": "2012-05-11T01:18:21.73-07:00"
  },
  {
    "Id": "354013",
    "Title": "Support for SQLite",
    "LatestDate": "2012-07-11T11:38:55.713-07:00"
  },
  {
    "Id": "354026",
    "Title": "TransactionScope",
    "LatestDate": "2015-07-09T19:04:29.07-07:00"
  },
  {
    "Id": "354516",
    "Title": "Supports multi-table queries you？",
    "LatestDate": "2012-05-04T02:12:44.467-07:00"
  },
  {
    "Id": "354616",
    "Title": "ParameterOut(\"ProductName\", DataTypes.String,20) bug?",
    "LatestDate": "2012-05-13T14:10:33.85-07:00"
  },
  {
    "Id": "355633",
    "Title": "Dapper ORM and Performance",
    "LatestDate": "2012-05-14T01:04:17.057-07:00"
  },
  {
    "Id": "355968",
    "Title": "conversion problem",
    "LatestDate": "2012-05-17T06:20:27.787-07:00"
  },
  {
    "Id": "356162",
    "Title": "bulk statements",
    "LatestDate": "2012-05-18T00:02:33.12-07:00"
  },
  {
    "Id": "356799",
    "Title": "Insert problem",
    "LatestDate": "2012-05-23T01:56:10.293-07:00"
  },
  {
    "Id": "358129",
    "Title": "automap issue",
    "LatestDate": "2012-06-03T07:38:45.793-07:00"
  },
  {
    "Id": "359570",
    "Title": "Stored Procedure return List result",
    "LatestDate": "2012-06-14T22:13:55.72-07:00"
  },
  {
    "Id": "360904",
    "Title": "There no plan to support Ibm db2?",
    "LatestDate": "2012-07-11T11:37:59.837-07:00"
  },
  {
    "Id": "361481",
    "Title": "some types are not supported?",
    "LatestDate": "2012-07-11T13:11:13.517-07:00"
  },
  {
    "Id": "362907",
    "Title": "Is possible get DataTable or DataSet?",
    "LatestDate": "2012-08-07T15:47:36.137-07:00"
  },
  {
    "Id": "389840",
    "Title": "Execute a command multiple times",
    "LatestDate": "2012-08-07T15:18:57.5-07:00"
  },
  {
    "Id": "390381",
    "Title": "Primary Key or Identity field",
    "LatestDate": "2012-08-07T15:25:34.497-07:00"
  },
  {
    "Id": "391018",
    "Title": "Problems when installing FluentData 2.3.0 with NuGet?",
    "LatestDate": "2012-08-14T09:31:12.047-07:00"
  },
  {
    "Id": "392421",
    "Title": "performance",
    "LatestDate": "2013-08-18T06:20:16.883-07:00"
  },
  {
    "Id": "392785",
    "Title": "2.3.0 Bug: Binary Problem",
    "LatestDate": "2014-08-18T23:11:22.2-07:00"
  },
  {
    "Id": "393803",
    "Title": "MySql 4 Support",
    "LatestDate": "2012-08-31T05:09:30.587-07:00"
  },
  {
    "Id": "394006",
    "Title": "oData example",
    "LatestDate": "2012-09-01T14:27:53.05-07:00"
  },
  {
    "Id": "395881",
    "Title": "fluentdata how to operate the sdf database",
    "LatestDate": "2012-09-19T01:44:37.207-07:00"
  },
  {
    "Id": "396014",
    "Title": "Any Docs about Select Method?",
    "LatestDate": "2012-09-20T17:53:55.78-07:00"
  },
  {
    "Id": "396037",
    "Title": "How to use the transaction",
    "LatestDate": "2012-09-19T02:00:24.33-07:00"
  },
  {
    "Id": "398793",
    "Title": "Postgres SQL Support",
    "LatestDate": "2012-10-23T01:44:46.16-07:00"
  },
  {
    "Id": "400162",
    "Title": "Oracle Instant Client",
    "LatestDate": "2012-10-23T06:01:14.293-07:00"
  },
  {
    "Id": "400417",
    "Title": "use function in insert",
    "LatestDate": "2012-10-23T05:56:51.64-07:00"
  },
  {
    "Id": "400654",
    "Title": "Very Slow Update",
    "LatestDate": "2012-10-25T01:41:46.59-07:00"
  },
  {
    "Id": "403264",
    "Title": "ParameterOut BUG？",
    "LatestDate": "2012-11-25T16:27:32.79-08:00"
  },
  {
    "Id": "403265",
    "Title": "GetDataReaderValue Bug？",
    "LatestDate": "2012-11-14T19:00:23.5-08:00"
  },
  {
    "Id": "403266",
    "Title": " internal class DataReader bug?",
    "LatestDate": "2012-11-25T16:31:04.603-08:00"
  },
  {
    "Id": "403362",
    "Title": "parameter lists",
    "LatestDate": "2012-11-25T16:29:07.48-08:00"
  },
  {
    "Id": "405456",
    "Title": "IDbContext - to Dispose or Not to Dispose",
    "LatestDate": "2013-05-06T14:31:34.377-07:00"
  },
  {
    "Id": "407145",
    "Title": "AutoMap  Relatively poor performance",
    "LatestDate": "2012-12-30T09:17:28.043-08:00"
  },
  {
    "Id": "407361",
    "Title": "ExecuteQueryHandler - Execute same query twice",
    "LatestDate": "2012-12-30T09:31:08.753-08:00"
  },
  {
    "Id": "433612",
    "Title": "FluentData 3.0 Error - ExecuteReturnLastId<T>() Function",
    "LatestDate": "2013-03-05T11:02:17.37-08:00"
  },
  {
    "Id": "436623",
    "Title": "Connection string DB2",
    "LatestDate": "2013-03-14T06:20:52.927-07:00"
  },
  {
    "Id": "438188",
    "Title": "Passing user-defined table type (SQL Server) ",
    "LatestDate": "2013-03-29T04:13:30.83-07:00"
  },
  {
    "Id": "442917",
    "Title": "QueryDataTable Method Removed?",
    "LatestDate": "2013-05-08T01:26:57.757-07:00"
  },
  {
    "Id": "444224",
    "Title": "T4 template for rapid development",
    "LatestDate": "2013-09-20T23:06:10.157-07:00"
  },
  {
    "Id": "448649",
    "Title": "There's some wrong in DOCUMENTATION/update",
    "LatestDate": "2013-07-19T18:27:26.653-07:00"
  },
  {
    "Id": "449834",
    "Title": "System.Data.ODBC provider?",
    "LatestDate": "2013-09-27T09:22:54.85-07:00"
  },
  {
    "Id": "450676",
    "Title": "Can anybody share Demproject created using FluentData",
    "LatestDate": "2013-08-06T00:28:56.02-07:00"
  },
  {
    "Id": "450868",
    "Title": "Future whether you plan to support Bulk Insert ?",
    "LatestDate": "2013-07-22T18:47:34.333-07:00"
  },
  {
    "Id": "451793",
    "Title": "FluentData.IDbCommand does not contain definition for 'Query' error",
    "LatestDate": "2013-07-30T08:33:14.76-07:00"
  },
  {
    "Id": "452779",
    "Title": "Support for non-generic？",
    "LatestDate": "2013-08-13T21:49:42.587-07:00"
  },
  {
    "Id": "459277",
    "Title": "Too many parameters were provided in this RPC request. The maximum is 2100",
    "LatestDate": "2014-03-11T17:00:38.697-07:00"
  },
  {
    "Id": "460949",
    "Title": "Update DB using changes made to a DataTable",
    "LatestDate": "2013-10-25T15:09:16.13-07:00"
  },
  {
    "Id": "533230",
    "Title": "Insertions during commit are not rolled back after error",
    "LatestDate": "2014-02-20T14:42:15.977-08:00"
  },
  {
    "Id": "542440",
    "Title": "Using SQL IN Operator",
    "LatestDate": "2014-04-16T12:59:49.53-07:00"
  },
  {
    "Id": "566762",
    "Title": "Compact & Repair for MSAccess DB",
    "LatestDate": "2014-09-27T23:16:10.273-07:00"
  },
  {
    "Id": "576138",
    "Title": "Inserting a class",
    "LatestDate": "2015-02-14T03:53:44.56-08:00"
  },
  {
    "Id": "576141",
    "Title": "on duplicate key",
    "LatestDate": "2015-02-14T03:51:46.343-08:00"
  },
  {
    "Id": "577459",
    "Title": "VB.Net Issue / Examples",
    "LatestDate": "2016-11-09T17:25:58.493-08:00"
  },
  {
    "Id": "579911",
    "Title": "Postgresql Quoted Table/Column names",
    "LatestDate": "2015-02-14T07:25:37.21-08:00"
  },
  {
    "Id": "581861",
    "Title": "Ignore attribute?",
    "LatestDate": "2015-06-28T16:58:19.347-07:00"
  },
  {
    "Id": "612824",
    "Title": "Insert an entity with a nested property",
    "LatestDate": "2015-03-25T04:04:42.86-07:00"
  },
  {
    "Id": "641975",
    "Title": "Lazy load, ChangeSet, other features",
    "LatestDate": "2015-07-27T01:34:03.78-07:00"
  },
  {
    "Id": "648049",
    "Title": "WinForm project using FluentData and MySQL, Cannot connect to MySQL.",
    "LatestDate": "2015-11-25T19:18:39.953-08:00"
  },
  {
    "Id": "652702",
    "Title": "PostgreSQL connection problem.",
    "LatestDate": "2016-03-19T06:15:09.233-07:00"
  },
  {
    "Id": "653481",
    "Title": "the oracle procedure  Parameter   out   ref cursor",
    "LatestDate": "2016-04-12T01:43:23.877-07:00"
  },
  {
    "Id": "655943",
    "Title": "Active Development",
    "LatestDate": "2016-06-28T03:47:33.89-07:00"
  },
  {
    "Id": "658497",
    "Title": "Using Update with Postgresql",
    "LatestDate": "2016-10-05T09:45:30.227-07:00"
  },
  {
    "Id": "658660",
    "Title": "QuerySingle<IDataReader> removed?",
    "LatestDate": "2016-10-11T17:56:24.32-07:00"
  }
]