{
  "WorkItem": {
    "AffectedComponent": {
      "Name": "",
      "DisplayName": ""
    },
    "ClosedComment": "",
    "ClosedDate": null,
    "CommentCount": 0,
    "Custom": null,
    "Description": "I from the Mysql query data, a column is \"longtext\", use the QuerySingle<DataTable>() , returned null.\n\nProblems appeared in the following code：\n\n        public object HandleType(Action<TEntity, IDataReader> customMapperReader, Action<TEntity, dynamic> customMapperDynamic)\n        {\n            var dataTable = new DataTable();\n            dataTable.Load(_data.Reader.InnerReader, LoadOption.OverwriteChanges);\n\n            return dataTable;\n        }\n\nI want to use the \"customMapperReader\" also not line, can you tell me how to solve?",
    "LastUpdatedDate": "2016-12-01T01:24:04.157-08:00",
    "PlannedForRelease": "",
    "ReleaseVisibleToPublic": false,
    "Priority": {
      "Name": "Unassigned",
      "Severity": 0,
      "Id": 0
    },
    "ProjectName": "FluentData",
    "ReportedDate": "2016-12-01T01:24:04.157-08:00",
    "Status": {
      "Name": "Proposed",
      "Id": 1
    },
    "ReasonClosed": {
      "Name": "Unassigned"
    },
    "Summary": "About QuerySingle<DataTable>()",
    "Type": {
      "Name": "Unassigned",
      "Id": 5
    },
    "VoteCount": 1,
    "Id": 2141
  },
  "FileAttachments": [],
  "Comments": []
}