[
  {
    "Id": "0",
    "Name": "FluentData version 3.0",
    "DevelopmentStatus": "Stable",
    "Description": "* Simplified and improved the API\n* New features to improve flexibility\n* Some performance improvements",
    "ReleasedDatge": "0001-01-01T00:00:00",
    "ModifiedDate": "2012-12-30T08:06:26.647-08:00",
    "Files": [
      {
        "Id": "564d4009-5fc2-4207-906b-8f7589e672d6",
        "FileName": "FluentData.dll",
        "Url": "./0/564d4009-5fc2-4207-906b-8f7589e672d6",
        "Type": "Application",
        "UploadDate": "2012-12-30T08:06:26.053-08:00"
      },
      {
        "Id": "52552760-0747-4bfa-a769-0730b67721a6",
        "FileName": "FluentData.cs",
        "Url": "./0/52552760-0747-4bfa-a769-0730b67721a6",
        "Type": "Source Code",
        "UploadDate": "2012-12-30T08:06:26.083-08:00"
      }
    ]
  },
  {
    "Id": "1",
    "Name": "FluentData version 2.3.0.0",
    "DevelopmentStatus": "Stable",
    "Description": "- Added support for SQLite, PostgreSQL and IBM DB2.\n- Added new method, QueryDataTable which returns the query result as a datatable.\n- Fixed some issues.\n- Some refactoring.\n- Select builder with support for paging and improved support for auto mapping.",
    "ReleasedDatge": "0001-01-01T00:00:00",
    "ModifiedDate": "2012-08-08T00:57:49.28-07:00",
    "Files": [
      {
        "Id": "fc8803c7-0e15-4efa-b1bd-8395512433e0",
        "FileName": "FluentData.dll",
        "Url": "./1/fc8803c7-0e15-4efa-b1bd-8395512433e0",
        "Type": "Application",
        "UploadDate": "2012-08-07T15:46:12.15-07:00"
      },
      {
        "Id": "d1844f6a-9087-4426-8d8c-554714c0ea4b",
        "FileName": "FluentData.cs",
        "Url": "./1/d1844f6a-9087-4426-8d8c-554714c0ea4b",
        "Type": "Source Code",
        "UploadDate": "2012-08-08T00:57:48.797-07:00"
      }
    ]
  },
  {
    "Id": "2",
    "Name": "Version 2.2.3.0 beta",
    "DevelopmentStatus": "Beta",
    "Description": "- Fixed issue with float datatype.\n- Added support for SqlLite, PostgreSql and IBM DB2.\n- Select builder with support for paging and improved support for auto mapping. This feature is in Beta and currently no documentation is available.\n- Misc refactoring.",
    "ReleasedDatge": "0001-01-01T00:00:00",
    "ModifiedDate": "2012-07-11T11:33:53.563-07:00",
    "Files": [
      {
        "Id": "d28fe30a-53ec-4d6a-b6b4-26e228e442f0",
        "FileName": "FluentData.dll",
        "Url": "./2/d28fe30a-53ec-4d6a-b6b4-26e228e442f0",
        "Type": "Application",
        "UploadDate": "2012-07-11T11:33:53.267-07:00"
      }
    ]
  },
  {
    "Id": "3",
    "Name": "FluentData version 2.2.2",
    "DevelopmentStatus": "Stable",
    "Description": "- UseSharedConnection has been added. This allows you to open a connection and manually control when to close it (dispose)\n- AutoMap: Added support for nested properties with '_' in the name.",
    "ReleasedDatge": "0001-01-01T00:00:00",
    "ModifiedDate": "2012-06-03T07:35:28.057-07:00",
    "Files": [
      {
        "Id": "a3cfa0e5-f3da-4f69-9417-70d6e1fb1b07",
        "FileName": "FluentData.dll",
        "Url": "./3/a3cfa0e5-f3da-4f69-9417-70d6e1fb1b07",
        "Type": "Application",
        "UploadDate": "2012-06-03T07:35:27.79-07:00"
      }
    ]
  },
  {
    "Id": "4",
    "Name": "FluentData version 2.2.1",
    "DevelopmentStatus": "Stable",
    "Description": "- Fixed a bug in insert and update builders: when calling AutoMap on an entity with an enumeration property then an exception was thrown.",
    "ReleasedDatge": "0001-01-01T00:00:00",
    "ModifiedDate": "2012-05-10T16:17:20.34-07:00",
    "Files": [
      {
        "Id": "9cb9f991-4450-4f55-bf64-8e04d3449929",
        "FileName": "FluentData.dll",
        "Url": "./4/9cb9f991-4450-4f55-bf64-8e04d3449929",
        "Type": "Application",
        "UploadDate": "2012-05-10T16:17:17.793-07:00"
      }
    ]
  },
  {
    "Id": "5",
    "Name": "FluentData version 2.2",
    "DevelopmentStatus": "Stable",
    "Description": "* Fixed issue with enumerations not working with automapping feature in the builders\n* Breaking change: QueryNoAutoMap, the custom mapper signature has been modified from Action to Func. Instead of FluentData creating the entity it must now be created in the mapping method since this is more flexible. An optional method to use here is the Query method, it will both create the entity, automap and allow for a custom mapping method to be executed.\n* QuerySingleNoAutoMap has been added\n* Breaking change: UseTransaction property on the DbContext class has been changed from a property to a method UseTransaction(bool) in order to allow for enable(true)/disable(false) transaction.",
    "ReleasedDatge": "0001-01-01T00:00:00",
    "ModifiedDate": "2012-05-08T09:27:05.967-07:00",
    "Files": [
      {
        "Id": "1eaeea0e-3347-43ae-a5da-64ff5bc970ee",
        "FileName": "FluentData.dll",
        "Url": "./5/1eaeea0e-3347-43ae-a5da-64ff5bc970ee",
        "Type": "Application",
        "UploadDate": "2012-05-08T09:26:15.263-07:00"
      }
    ]
  },
  {
    "Id": "6",
    "Name": "FluentData version 2.1",
    "DevelopmentStatus": "Stable",
    "Description": "- Support for MS Access has been added.",
    "ReleasedDatge": "0001-01-01T00:00:00",
    "ModifiedDate": "2012-04-15T12:13:26.197-07:00",
    "Files": [
      {
        "Id": "43942b9b-b41b-4734-99b5-15bc2f2439f7",
        "FileName": "FluentData.dll",
        "Url": "./6/43942b9b-b41b-4734-99b5-15bc2f2439f7",
        "Type": "Application",
        "UploadDate": "2012-04-15T12:13:25.98-07:00"
      }
    ]
  },
  {
    "Id": "7",
    "Name": "FluentData version 2.0",
    "DevelopmentStatus": "Stable",
    "Description": "New features:\n- Support for events: OnConnectionClosed, OnConnectionOpened, OnConnectionOpening, OnError, OnExecuted, OnExecuting\n- Added a CommandTimeout method on the Context. This allows you to set the time out for all the commands.\n- QueryValues support has been added for Stored Procedures.\n\nChanges to existing features:\n- IgnoreProperty has been moved from a separate property to be a parameter in the AutoMap method.",
    "ReleasedDatge": "0001-01-01T00:00:00",
    "ModifiedDate": "2012-03-12T01:53:57.1-07:00",
    "Files": [
      {
        "Id": "9e6d5bac-d469-47b8-9bd9-25344dd8831e",
        "FileName": "FluentData_v2_0_0.zip",
        "Url": "./7/9e6d5bac-d469-47b8-9bd9-25344dd8831e",
        "Type": "Application",
        "UploadDate": "2012-03-11T17:03:20.21-07:00"
      }
    ]
  },
  {
    "Id": "8",
    "Name": "FluentData version 1.2",
    "DevelopmentStatus": "Stable",
    "Description": "New features:\n- QueryValues method\n- Added support for automapping to enumerations (both int and string are supported).\n\nFixed 2 reported issues.",
    "ReleasedDatge": "0001-01-01T00:00:00",
    "ModifiedDate": "2012-02-28T12:18:49.87-08:00",
    "Files": [
      {
        "Id": "d97607a0-00ca-44cd-9e21-355d7498f1f9",
        "FileName": "FluentData_v1_2_0.zip",
        "Url": "./8/d97607a0-00ca-44cd-9e21-355d7498f1f9",
        "Type": "Application",
        "UploadDate": "2012-02-28T12:11:21.003-08:00"
      }
    ]
  },
  {
    "Id": "9",
    "Name": "FluentData version 1.1",
    "DevelopmentStatus": "Stable",
    "Description": "New feature\n- Added support for MySQL.",
    "ReleasedDatge": "0001-01-01T00:00:00",
    "ModifiedDate": "2012-02-19T08:45:47.303-08:00",
    "Files": [
      {
        "Id": "58c7db01-1d86-4684-b132-7afda5c6a080",
        "FileName": "FluentData_v1_1_0.zip",
        "Url": "./9/58c7db01-1d86-4684-b132-7afda5c6a080",
        "Type": "Application",
        "UploadDate": "2012-02-19T08:45:47.117-08:00"
      }
    ]
  },
  {
    "Id": "10",
    "Name": "FluentData version 1.0",
    "DevelopmentStatus": "Stable",
    "Description": "FluentData version 1.0",
    "ReleasedDatge": "0001-01-01T00:00:00",
    "ModifiedDate": "2012-02-13T14:03:45.277-08:00",
    "Files": [
      {
        "Id": "091f6985-7be9-4a84-98c5-4faeea792324",
        "FileName": "FluentData_v1_0_0.zip",
        "Url": "./10/091f6985-7be9-4a84-98c5-4faeea792324",
        "Type": "Application",
        "UploadDate": "2012-02-13T14:03:31.167-08:00"
      }
    ]
  },
  {
    "Id": "11",
    "Name": "FluentData version 3.0.1",
    "DevelopmentStatus": "Stable",
    "Description": "Misc bugfixes and some new features added since the change set of the previous release (#22252)",
    "ReleasedDatge": "0001-01-01T00:00:00",
    "ModifiedDate": "2015-03-01T13:33:34.003-08:00",
    "Files": [
      {
        "Id": "cbfe09ca-2e09-49e4-ab6b-b411c1d0c57b",
        "FileName": "FluentData.dll",
        "Url": "./11/cbfe09ca-2e09-49e4-ab6b-b411c1d0c57b",
        "Type": "Application",
        "UploadDate": "2015-03-01T13:33:33.52-08:00"
      },
      {
        "Id": "a438e9bf-9d9e-479e-b29b-32d931088558",
        "FileName": "FluentData.cs",
        "Url": "./11/a438e9bf-9d9e-479e-b29b-32d931088558",
        "Type": "Application",
        "UploadDate": "2015-03-01T13:33:33.553-08:00"
      }
    ]
  }
]