[
  {
    "Title": "Home",
    "Id": "1790990",
    "ParentWikiTitle": "Home",
    "FileExtension": "codeplexwiki",
    "UpdatedDate": "2015-03-01T13:40:31.337-08:00",
    "FileAttachments": []
  },
  {
    "Title": "Documentation",
    "Id": "1790989",
    "ParentWikiTitle": "Documentation",
    "FileExtension": "codeplexwiki",
    "UpdatedDate": "2015-03-01T13:36:54.09-08:00",
    "FileAttachments": []
  },
  {
    "Title": "Fluency",
    "Id": "746876",
    "ParentWikiTitle": "Documentation",
    "FileExtension": "codeplexwiki",
    "UpdatedDate": "2013-06-24T15:55:14.197-07:00",
    "FileAttachments": []
  }
]
